Workbook

Sheet Uncovered Branches
A1: NIB International Bank S.C
A2: Internal Control Division
A3: Lists of Branches that failed to cover in the monthly internal Control Reports
A4: As of july,2026
A5: Ser. No | B5: Name of Branches | C5: Name of Districts | D5: Reasons for failing to uncover in the monthly internal Control Reports
A8: 1 | B8: 22 Megenagna | C8: East | D8: resign
A9: 2 | B9: Sheger menefesha | C9: North | D9: maturnity leave
A10: 3 | B10: Habte giorgis | C10: North | D10: maturnity leave
A11: 4 | B11: Salo Gora | C11: South | D11: Sick Leave
A12: 5 | B12: Asko | C12: West | D12: Sick Leave
A13: 6 | B13: Moyale | C13: Hawassa | D13: Controllers not assigned
A14: 7 | B14: Adare | C14: Hawassa | D14: maturnity leave
A15: 8 | B15: Alamura | C15: Hawassa | D15: maturnity leave
A16: 9 | B16: Tabor | C16: Hawassa | D16: maturnity leave
A17: 10 | B17: Nib Halal | C17: Hawassa | D17: Controllers has not given access right
A18: 11 | B18: Metema | C18: B-Dar | D18: Sick Leave
A19: 12 | B19: Agarfa | C19: Adama | D19: Controllers not assigned
... A57: 50 | B57: Bako | C57: Jimma | D57: Controller not Assigned

Sheet Category Detail by District
A1: Monthly Controllers report as at July 2026
A2: SN | B2: Total No. of Branches | C2: District | D2: ATM Cases | H2: IT Case | J2: No. of zero balance account | L2: No. of inactive balance account | N2: Cheque Book case | P2: Others Case | R2: Status of the irregularities
D3: Mismatch | F3: Long outstanding | R3: Total unrectified | S3: Rectified | T3: unrectified Balance | U3: rectified percetage
B4: A | C4: B | D4: Unrectified | E4: Rectified | F4: Unrectified | G4: Rectified | H4: Unrectified | I4: Rectified | J4: Unrectified | K4: Rectified | L4: Unrectified | M4: Rectified | N4: Unrectified | O4: Rectified | P4: Unrectified | Q4: Rectified | R4: F | S4: G
A5: 1 | B5: 49 | C5: East | D5: =#REF! -> #REF! | F5: =#REF! -> #REF! | H5: =#REF! -> #REF! | J5: =#REF! -> #REF! | L5: =#REF! -> #REF! | N5: =#REF! -> #REF! | P5: =#REF! -> #REF! | Q5: =#REF! -> #REF! | R5: =D5+F5+H5+J5+L5+N5+P5 -> #REF! | S5: =E5+G5+K5+I5+M5+O5+Q5 -> #REF! | T5: =R5-S5 -> #REF!
A6: 2 | B6: 42 | C6: North | D6: =#REF! -> #REF! | F6: =#REF! -> #REF! | H6: =#REF! -> #REF! | J6: =#REF! -> #REF! | L6: =#REF! -> #REF! | N6: =#REF! -> #REF! | P6: =#REF! -> #REF! | Q6: =#REF! -> #REF! | R6: =D6+F6+H6+J6+L6+N6+P6 -> #REF! | S6: =E6+G6+K6+I6+M6+O6+Q6 -> #REF! | T6: =R6-S6 -> #REF! | U6: =S6/R6 -> #REF!
A7: 3 | B7: 57 | C7: South | D7: =#REF! -> #REF! | F7: =#REF! -> #REF! | H7: =#REF! -> #REF! | J7: =#REF! -> #REF! | L7: =#REF! -> #REF! | N7: =#REF! -> #REF! | P7: =#REF! -> #REF! | Q7: =#REF! -> #REF! | R7: =D7+F7+H7+J7+L7+N7+P7 -> #REF! | S7: =E7+G7+K7+I7+M7+O7+Q7 -> #REF! | T7: =R7-S7 -> #REF! | U7: =S7/R7 -> #REF!
A8: 4 | B8: 65 | C8: West | D8: =#REF! -> #REF! | F8: =#REF! -> #REF! | H8: =#REF! -> #REF! | J8: =#REF! -> #REF! | L8: =#REF! -> #REF! | N8: =#REF! -> #REF! | P8: =#REF! -> #REF! | Q8: =#REF! -> #REF! | R8: =D8+F8+H8+J8+L8+N8+P8 -> #REF! | S8: =E8+G8+K8+I8+M8+O8+Q8 -> #REF! | T8: =R8-S8 -> #REF! | U8: =S8/R8 -> #REF!
A9: 5 | B9: 33 | C9: Adama | D9: =#REF! -> #REF! | F9: =#REF! -> #REF! | H9: =#REF! -> #REF! | J9: =#REF! -> #REF! | L9: =#REF! -> #REF! | N9: =#REF! -> #REF! | P9: =#REF! -> #REF! | Q9: =#REF! -> #REF! | R9: =D9+F9+H9+J9+L9+N9+P9 -> #REF! | S9: =E9+G9+K9+I9+M9+O9+Q9 -> #REF! | T9: =R9-S9 -> #REF! | U9: =S9/R9 -> #REF!
A10: 6 | B10: 25 | C10: Bahi Dar | D10: =#REF! -> #REF! | F10: =#REF! -> #REF! | H10: =#REF! -> #REF! | J10: =#REF! -> #REF! | L10: =#REF! -> #REF! | N10: =#REF! -> #REF! | P10: =#REF! -> #REF! | Q10: =#REF! -> #REF! | R10: =D10+F10+H10+J10+L10+N10+P10 -> #REF! | S10: =E10+G10+K10+I10+M10+O10+Q10 -> #REF! | T10: =R10-S10 -> #REF! | U10: =S10/R10 -> #REF!
A11: 7 | B11: 11 | C11: Dessie | D11: =#REF! -> #REF! | F11: =#REF! -> #REF! | H11: =#REF! -> #REF! | J11: =#REF! -> #REF! | L11: =#REF! -> #REF! | N11: =#REF! -> #REF! | P11: =#REF! -> #REF! | Q11: =#REF! -> #REF! | R11: =D11+F11+H11+J11+L11+N11+P11 -> #REF! | S11: =E11+G11+K11+I11+M11+O11+Q11 -> #REF! | T11: =R11-S11 -> #REF! | U11: =S11/R11 -> #REF!
A12: 8 | B12: 17 | C12: DIREDAWA | D12: =#REF! -> #REF! | F12: =#REF! -> #REF! | H12: =#REF! -> #REF! | J12: =#REF! -> #REF! | L12: =#REF! -> #REF! | N12: =#REF! -> #REF! | P12: =#REF! -> #REF! | Q12: =#REF! -> #REF! | R12: =D12+F12+H12+J12+L12+N12+P12 -> #REF! | S12: =E12+G12+K12+I12+M12+O12+Q12 -> #REF! | T12: =R12-S12 -> #REF! | U12: =S12/R12 -> #REF!
A13: 9 | B13: 39 | C13: Hawassa | D13: =#REF! -> #REF! | F13: =#REF! -> #REF! | H13: =#REF! -> #REF! | J13: =#REF! -> #REF! | L13: =#REF! -> #REF! | N13: =#REF! -> #REF! | P13: =#REF! -> #REF! | Q13: =#REF! -> #REF! | R13: =D13+F13+H13+J13+L13+N13+P13 -> #REF! | S13: =E13+G13+K13+I13+M13+O13+Q13 -> #REF! | T13: =R13-S13 -> #REF! | U13: =S13/R13 -> #REF!
A14: 10 | B14: 36 | C14: Hossaena | D14: =#REF! -> #REF! | F14: =#REF! -> #REF! | H14: =#REF! -> #REF! | J14: =#REF! -> #REF! | L14: =#REF! -> #REF! | N14: =#REF! -> #REF! | P14: =#REF! -> #REF! | Q14: =#REF! -> #REF! | R14: =D14+F14+H14+J14+L14+N14+P14 -> #REF! | S14: =E14+G14+K14+I14+M14+O14+Q14 -> #REF! | T14: =R14-S14 -> #REF! | U14: =S14/R14 -> #REF!
A15: 11 | B15: 26 | C15: Wolkite | D15: =#REF! -> #REF! | F15: =#REF! -> #REF! | H15: =#REF! -> #REF! | J15: =#REF! -> #REF! | L15: =#REF! -> #REF! | N15: =#REF! -> #REF! | P15: =#REF! -> #REF! | Q15: =#REF! -> #REF! | R15: =D15+F15+H15+J15+L15+N15+P15 -> #REF! | S15: =E15+G15+K15+I15+M15+O15+Q15 -> #REF! | T15: =R15-S15 -> #REF! | U15: =S15/R15 -> #REF!
A16: 12 | B16: 20 | C16: Jimma | D16: =#REF! -> #REF! | F16: =#REF! -> #REF! | H16: =#REF! -> #REF! | J16: =#REF! -> #REF! | L16: =#REF! -> #REF! | N16: =#REF! -> #REF! | P16: =#REF! -> #REF! | Q16: =#REF! -> #REF! | R16: =D16+F16+H16+J16+L16+N16+P16 -> #REF! | S16: =E16+G16+K16+I16+M16+O16+Q16 -> #REF! | T16: =R16-S16 -> #REF!
A17: 13 | B17: 7 | C17: Mekelle | D17: =#REF! -> #REF! | F17: =#REF! -> #REF! | H17: =#REF! -> #REF! | J17: =#REF! -> #REF! | L17: =#REF! -> #REF! | N17: =#REF! -> #REF! | P17: =#REF! -> #REF! | Q17: =#REF! -> #REF! | R17: =D17+F17+H17+J17+L17+N17+P17 -> #REF! | S17: =E17+G17+K17+I17+M17+O17+Q17 -> #REF! | T17: =R17-S17 -> #REF! | U17: =S17/R17 -> #REF!
B18: =SUM(B5:B17) -> 427 | C18: TOTAL | D18: =SUM(D5:D17) -> #REF! | E18: =SUM(E5:E17) -> 0 | F18: =SUM(F5:F17) -> #REF! | G18: =SUM(G5:G17) -> 0 | H18: =SUM(H5:H17) -> #REF! | I18: =SUM(I5:I17) -> 0 | J18: =SUM(J5:J17) -> #REF! | K18: =SUM(K5:K17) -> 0 | ... Q18: =SUM(Q5:Q17) -> #REF! | R18: =D18+F18+H18+J18+L18+N18+P18 -> #REF! | S18: =SUM(S5:S17) -> #REF! | T18: =SUM(T5:T17) -> #REF! | U18: =SUM(U5:U17) -> #REF!
E19: =D18-E18 -> #REF! | G19: =F18-G18 -> #REF! | I19: =H18-I18 -> #REF! | K19: =J18-K18 -> #REF! | M19: =L18-M18 -> #REF! | O19: =N18-O18 -> #REF! | Q19: =Q18/P18 -> #REF!
C21: Current | E21: Previous
C22: No. of inactive balance account | E22: No. of inactive balance account
G23: Weekly rectification
C24: Unrectified | D24: Rectified | E24: Unrectified | F24: Rectified | G24: Unrectified | H24: Rectified
B25: East | C25: 87889 | G25: =C25-E25 -> 87889 | H25: =D25-F25 -> 0
B26: North | C26: 26252 | G26: =C26-E26 -> 26252 | H26: =D26-F26 -> 0
B27: South | C27: 153290 | G27: =C27-E27 -> 153290 | H27: =D27-F27 -> 0
B28: West | C28: 68631 | G28: =C28-E28 -> 68631 | H28: =D28-F28 -> 0
B29: Adama | C29: 86016 | G29: =C29-E29 -> 86016 | H29: =D29-F29 -> 0
B30: Bahi Dar | C30: 25540 | G30: =C30-E30 -> 25540 | H30: =D30-F30 -> 0
B31: Dessie | C31: 13815 | G31: =C31-E31 -> 13815 | H31: =D31-F31 -> 0
B32: DIREDAWA | C32: 24004 | G32: =C32-E32 -> 24004 | H32: =D32-F32 -> 0
B33: Hawassa | C33: 18486 | G33: =C33-E33 -> 18486 | H33: =D33-F33 -> 0
B34: Hossaena | C34: 121170 | G34: =C34-E34 -> 121170 | H34: =D34-F34 -> 0
B35: Wolkite | C35: 53926 | G35: =C35-E35 -> 53926 | H35: =D35-F35 -> 0
B36: Jimma | C36: 3261 | G36: =C36-E36 -> 3261 | H36: =D36-F36 -> 0
B37: Mekelle | C37: 6258 | G37: =C37-E37 -> 6258 | H37: =D37-F37 -> 0
C38: =SUM(C25:C37) -> 688538 | D38: =SUM(D25:D37) -> 0 | G38: =SUM(G25:G37) -> 688538 | H38: =SUM(H25:H37) -> 0
D39: =C38-D38 -> 688538 | F39: =E38-F38 -> 0

Sheet Monthly Summary Report
A1: Monthly Controllers report as at july 2026
A2: SN | B2: Total No. of Branches | C2: District | D2: ATM Cases | F2: IT Case | G2: No. of zero balance account | H2: No. of inactive balance account | I2: Cheque Book case | J2: Others Case No | K2: Amount involved in Birr | L2: Status of the irregularities | O2: No. of Branches not dispatched | P2: No. of Branches Dispatched reports | Q2: Total No. of cases
D3: Mismatch | E3: Long outstanding | L3: Unrectified | M3: Rectified | N3: rectified percetage
B4: A | C4: B | J4: D | K4: E | L4: F | M4: G | O4: I | P4: I
A5: 1 | B5: 49 | C5: East | D5: ='Category Detail by District'!D5 -> #REF! | E5: ='Category Detail by District'!F5 -> #REF! | F5: ='Category Detail by District'!H5 -> #REF! | G5: ='Category Detail by District'!J5 -> #REF! | H5: ='Category Detail by District'!L5 -> #REF! | I5: ='Category Detail by District'!N5 -> #REF! | J5: ='Category Detail by District'!P5 -> #REF! | K5: =#REF! -> #REF! | L5: =D5+E5+F5+G5+H5+I5+J5 -> #REF! | M5: ='Category Detail by District'!Q5 -> #REF! | N5: =M5/J5 -> #REF! | O5: 1 | P5: =B5-O5 -> 48 | Q5: =D5+E5+F5+G5+H5+I5+J5 -> #REF!
A6: 2 | B6: 42 | C6: North | D6: ='Category Detail by District'!D6 -> #REF! | E6: ='Category Detail by District'!F6 -> #REF! | F6: ='Category Detail by District'!H6 -> #REF! | G6: ='Category Detail by District'!J6 -> #REF! | H6: ='Category Detail by District'!L6 -> #REF! | I6: ='Category Detail by District'!N6 -> #REF! | J6: ='Category Detail by District'!P6 -> #REF! | K6: =#REF! -> #REF! | L6: =D6+E6+F6+G6+H6+I6+J6 -> #REF! | M6: ='Category Detail by District'!Q6 -> #REF! | N6: =M6/J6 -> #REF! | O6: 2 | P6: =B6-O6 -> 40 | Q6: =D6+E6+F6+G6+H6+I6+J6 -> #REF!
A7: 3 | B7: 57 | C7: South | D7: ='Category Detail by District'!D7 -> #REF! | E7: ='Category Detail by District'!F7 -> #REF! | F7: ='Category Detail by District'!H7 -> #REF! | G7: ='Category Detail by District'!J7 -> #REF! | H7: ='Category Detail by District'!L7 -> #REF! | I7: ='Category Detail by District'!N7 -> #REF! | J7: ='Category Detail by District'!P7 -> #REF! | K7: =#REF! -> #REF! | L7: =D7+E7+F7+G7+H7+I7+J7 -> #REF! | M7: ='Category Detail by District'!Q7 -> #REF! | N7: =M7/J7 -> #REF! | O7: 1 | P7: =B7-O7 -> 56 | Q7: =D7+E7+F7+G7+H7+I7+J7 -> #REF!
A8: 4 | B8: 57 | C8: West | D8: ='Category Detail by District'!D8 -> #REF! | E8: ='Category Detail by District'!F8 -> #REF! | F8: ='Category Detail by District'!H8 -> #REF! | G8: ='Category Detail by District'!J8 -> #REF! | H8: ='Category Detail by District'!L8 -> #REF! | I8: ='Category Detail by District'!N8 -> #REF! | J8: ='Category Detail by District'!P8 -> #REF! | K8: =#REF! -> #REF! | L8: =D8+E8+F8+G8+H8+I8+J8 -> #REF! | M8: ='Category Detail by District'!Q8 -> #REF! | N8: =M8/J8 -> #REF! | O8: 1 | P8: =B8-O8 -> 56 | Q8: =D8+E8+F8+G8+H8+I8+J8 -> #REF!
A9: 5 | B9: 33 | C9: Adama | D9: ='Category Detail by District'!D9 -> #REF! | E9: ='Category Detail by District'!F9 -> #REF! | F9: ='Category Detail by District'!H9 -> #REF! | G9: ='Category Detail by District'!J9 -> #REF! | H9: ='Category Detail by District'!L9 -> #REF! | I9: ='Category Detail by District'!N9 -> #REF! | J9: ='Category Detail by District'!P9 -> #REF! | K9: =#REF! -> #REF! | L9: =D9+E9+F9+G9+H9+I9+J9 -> #REF! | M9: ='Category Detail by District'!Q9 -> #REF! | N9: =M9/J9 -> #REF! | O9: 6 | P9: =B9-O9 -> 27 | Q9: =D9+E9+F9+G9+H9+I9+J9 -> #REF!
A10: 6 | B10: 25 | C10: Bahi Dar | D10: ='Category Detail by District'!D10 -> #REF! | E10: ='Category Detail by District'!F10 -> #REF! | F10: ='Category Detail by District'!H10 -> #REF! | G10: ='Category Detail by District'!J10 -> #REF! | H10: ='Category Detail by District'!L10 -> #REF! | I10: ='Category Detail by District'!N10 -> #REF! | J10: ='Category Detail by District'!P10 -> #REF! | K10: =#REF! -> #REF! | L10: =D10+E10+F10+G10+H10+I10+J10 -> #REF! | M10: ='Category Detail by District'!Q10 -> #REF! | N10: =M10/J10 -> #REF! | O10: 1 | P10: =B10-O10 -> 24 | Q10: =D10+E10+F10+G10+H10+I10+J10 -> #REF!
A11: 7 | B11: 11 | C11: Dessie | D11: ='Category Detail by District'!D11 -> #REF! | E11: ='Category Detail by District'!F11 -> #REF! | F11: ='Category Detail by District'!H11 -> #REF! | G11: ='Category Detail by District'!J11 -> #REF! | H11: ='Category Detail by District'!L11 -> #REF! | I11: ='Category Detail by District'!N11 -> #REF! | J11: ='Category Detail by District'!P11 -> #REF! | K11: =#REF! -> #REF! | L11: =D11+E11+F11+G11+H11+I11+J11 -> #REF! | M11: ='Category Detail by District'!Q11 -> #REF! | N11: =M11/J11 -> #REF! | P11: =B11-O11 -> 11 | Q11: =D11+E11+F11+G11+H11+I11+J11 -> #REF!
A12: 8 | B12: 18 | C12: DIREDAWA | D12: ='Category Detail by District'!D12 -> #REF! | E12: ='Category Detail by District'!F12 -> #REF! | F12: ='Category Detail by District'!H12 -> #REF! | G12: ='Category Detail by District'!J12 -> #REF! | H12: ='Category Detail by District'!L12 -> #REF! | I12: ='Category Detail by District'!N12 -> #REF! | J12: ='Category Detail by District'!P12 -> #REF! | K12: =#REF! -> #REF! | L12: =D12+E12+F12+G12+H12+I12+J12 -> #REF! | M12: ='Category Detail by District'!Q12 -> #REF! | N12: =M12/J12 -> #REF! | O12: 11 | P12: =B12-O12 -> 7 | Q12: =D12+E12+F12+G12+H12+I12+J12 -> #REF!
A13: 9 | B13: 39 | C13: Hawassa | D13: ='Category Detail by District'!D13 -> #REF! | E13: ='Category Detail by District'!F13 -> #REF! | F13: ='Category Detail by District'!H13 -> #REF! | G13: ='Category Detail by District'!J13 -> #REF! | H13: ='Category Detail by District'!L13 -> #REF! | I13: ='Category Detail by District'!N13 -> #REF! | J13: ='Category Detail by District'!P13 -> #REF! | K13: =#REF! -> #REF! | L13: =D13+E13+F13+G13+H13+I13+J13 -> #REF! | M13: ='Category Detail by District'!Q13 -> #REF! | N13: =M13/J13 -> #REF! | O13: 5 | P13: =B13-O13 -> 34 | Q13: =D13+E13+F13+G13+H13+I13+J13 -> #REF!
A14: 10 | B14: 36 | C14: Hossaena | D14: ='Category Detail by District'!D14 -> #REF! | E14: ='Category Detail by District'!F14 -> #REF! | F14: ='Category Detail by District'!H14 -> #REF! | G14: ='Category Detail by District'!J14 -> #REF! | H14: ='Category Detail by District'!L14 -> #REF! | I14: ='Category Detail by District'!N14 -> #REF! | J14: ='Category Detail by District'!P14 -> #REF! | K14: =#REF! -> #REF! | L14: =D14+E14+F14+G14+H14+I14+J14 -> #REF! | M14: ='Category Detail by District'!Q14 -> #REF! | N14: =M14/J14 -> #REF! | O14: 5 | P14: =B14-O14 -> 31 | Q14: =D14+E14+F14+G14+H14+I14+J14 -> #REF!
A15: 11 | B15: 26 | C15: Wolkite | D15: ='Category Detail by District'!D15 -> #REF! | E15: ='Category Detail by District'!F15 -> #REF! | F15: ='Category Detail by District'!H15 -> #REF! | G15: ='Category Detail by District'!J15 -> #REF! | H15: ='Category Detail by District'!L15 -> #REF! | I15: ='Category Detail by District'!N15 -> #REF! | J15: ='Category Detail by District'!P15 -> #REF! | K15: =#REF! -> #REF! | L15: =D15+E15+F15+G15+H15+I15+J15 -> #REF! | M15: ='Category Detail by District'!Q15 -> #REF! | N15: =M15/J15 -> #REF! | O15: 3 | P15: =B15-O15 -> 23 | Q15: =D15+E15+F15+G15+H15+I15+J15 -> #REF!
A16: 12 | B16: 20 | C16: Jimma | D16: ='Category Detail by District'!D16 -> #REF! | E16: ='Category Detail by District'!F16 -> #REF! | F16: ='Category Detail by District'!H16 -> #REF! | G16: ='Category Detail by District'!J16 -> #REF! | H16: ='Category Detail by District'!L16 -> #REF! | I16: ='Category Detail by District'!N16 -> #REF! | J16: ='Category Detail by District'!P16 -> #REF! | K16: =#REF! -> #REF! | L16: =D16+E16+F16+G16+H16+I16+J16 -> #REF! | M16: ='Category Detail by District'!Q16 -> #REF! | O16: 14 | P16: =B16-O16 -> 6 | Q16: =D16+E16+F16+G16+H16+I16+J16 -> #REF!
A17: 13 | B17: 11 | C17: Mekelle | D17: ='Category Detail by District'!D17 -> #REF! | E17: ='Category Detail by District'!F17 -> #REF! | F17: ='Category Detail by District'!H17 -> #REF! | G17: ='Category Detail by District'!J17 -> #REF! | H17: ='Category Detail by District'!L17 -> #REF! | I17: ='Category Detail by District'!N17 -> #REF! | J17: ='Category Detail by District'!P17 -> #REF! | K17: =#REF! -> #REF! | L17: =D17+E17+F17+G17+H17+I17+J17 -> #REF! | M17: ='Category Detail by District'!Q17 -> #REF! | N17: =M17/J17 -> #REF! | P17: =B17-O17 -> 11 | Q17: =D17+E17+F17+G17+H17+I17+J17 -> #REF!
B18: =SUM(B5:B17) -> 424 | C18: TOTAL | D18: =SUM(D5:D17) -> #REF! | E18: ='Category Detail by District'!F18 -> #REF! | F18: ='Category Detail by District'!H18 -> #REF! | G18: ='Category Detail by District'!J18 -> #REF! | H18: ='Category Detail by District'!L18 -> #REF! | I18: ='Category Detail by District'!N18 -> #REF! | J18: ='Category Detail by District'!P18 -> #REF! | K18: =SUM(K5:K17) -> #REF! | L18: =D18+E18+F18+G18+H18+I18+J18 -> #REF! | M18: ='Category Detail by District'!Q18 -> #REF! | N18: =M18/J18 -> #REF! | O18: =SUM(O5:O17) -> 50 | P18: =B18-O18 -> 374 | Q18: =D18+E18+F18+G18+H18+I18+J18 -> #REF!
O19: =O18/B18 -> 0.11792453 | P19: =P18/B18 -> 0.88207547
